<?xml version="1.0" encoding="UTF-8"?>

<Processor Type="SynthChain" ID="Demo" Bypassed="0" Gain="1" Balance="0"
           VoiceLimit="128" KillFadeTime="20" IconColour="0" packageName=""
           views="32.rk1bzA....cAObb+4e..vH..yw8m+A..PTQve+4eB.." currentView="-1"
           BuildVersion="647">
  <ChildProcessors>
    <Processor Type="MidiProcessorChain" ID="Midi Processor" Bypassed="0">
      <ChildProcessors>
        <Processor Type="ScriptProcessor" ID="MainInterface" Bypassed="0">
          <ChildProcessors/>
          <Content>
            <Control type="ScriptSlider" id="volumeSlider" value="-12.1"/>
            <Control type="ScriptTable" id="velocityTable" value="0" data="24...............vO...f+....9C...vO"/>
          </Content>
        </Processor>
      </ChildProcessors>
    </Processor>
    <Processor Type="ModulatorChain" ID="GainModulation" Bypassed="0" Intensity="1">
      <ChildProcessors/>
    </Processor>
    <Processor Type="ModulatorChain" ID="PitchModulation" Bypassed="1" Intensity="1">
      <ChildProcessors/>
    </Processor>
    <Processor Type="EffectChain" ID="FX" Bypassed="0">
      <ChildProcessors>
        <Processor Type="SimpleGain" ID="Simple Gain" Bypassed="0" Gain="-12.1"
                   Delay="0" Width="-2.4999974" Balance="0">
          <ChildProcessors>
            <Processor Type="ModulatorChain" ID="Gain Modulation" Bypassed="0" Intensity="1">
              <ChildProcessors/>
            </Processor>
            <Processor Type="ModulatorChain" ID="Delay Modulation" Bypassed="0" Intensity="1">
              <ChildProcessors/>
            </Processor>
            <Processor Type="ModulatorChain" ID="Width Modulation" Bypassed="0" Intensity="1">
              <ChildProcessors/>
            </Processor>
            <Processor Type="ModulatorChain" ID="Pan Modulation" Bypassed="0" Intensity="1">
              <ChildProcessors/>
            </Processor>
          </ChildProcessors>
          <RoutingMatrix NumSourceChannels="2" Channel0="0" Send0="-1" Channel1="1" Send1="-1"/>
        </Processor>
      </ChildProcessors>
    </Processor>
    <Processor Type="StreamingSampler" ID="Sampler" Bypassed="0" Gain="1" Balance="0"
               VoiceLimit="128" KillFadeTime="20" IconColour="0" PreloadSize="8192"
               BufferSize="4096" VoiceAmount="128" SamplerRepeatMode="2.1474836e+09"
               RRGroupAmount="1" PitchTracking="1" OneShot="0" CrossfadeGroups="0"
               Purged="0" NumChannels="1" SampleMap="">
      <ChildProcessors>
        <Processor Type="MidiProcessorChain" ID="Midi Processor" Bypassed="0">
          <ChildProcessors/>
        </Processor>
        <Processor Type="ModulatorChain" ID="GainModulation" Bypassed="0" Intensity="1">
          <ChildProcessors>
            <Processor Type="SimpleEnvelope" ID="DefaultEnvelope" Bypassed="0" Intensity="1"
                       Attack="5" Release="10" LinearMode="1">
              <ChildProcessors>
                <Processor Type="ModulatorChain" ID="Attack Time Modulation" Bypassed="0"
                           Intensity="1">
                  <ChildProcessors/>
                </Processor>
              </ChildProcessors>
            </Processor>
            <Processor Type="Velocity" ID="SamplerVelocity" Bypassed="0" Intensity="1"
                       UseTable="1" Inverted="0" DecibelMode="0" VelocityTableData="24...............vO...f+....9C...vO">
              <ChildProcessors/>
            </Processor>
          </ChildProcessors>
        </Processor>
        <Processor Type="ModulatorChain" ID="PitchModulation" Bypassed="0" Intensity="1">
          <ChildProcessors/>
        </Processor>
        <Processor Type="EffectChain" ID="FX" Bypassed="0">
          <ChildProcessors/>
        </Processor>
        <Processor Type="ModulatorChain" ID="Sample Start" Bypassed="0" Intensity="1">
          <ChildProcessors/>
        </Processor>
        <Processor Type="ModulatorChain" ID="Group Fade" Bypassed="0" Intensity="1">
          <ChildProcessors/>
        </Processor>
      </ChildProcessors>
      <RoutingMatrix NumSourceChannels="2" Channel0="0" Send0="-1" Channel1="1" Send1="-1"/>
      <channels>
        <channelData enabled="1" level="0" suffix=""/>
      </channels>
      <samplemap ID="" SaveMode="0" RRGroupAmount="1" MicPositions=";">
        <sample ID="0" FileName="{PROJECT_FOLDER}Triangle_-6dB.wav" Root="64"
                HiKey="89" LoKey="50" LoVel="0" HiVel="127" RRGroup="1" Volume="0"
                Pan="0" Normalized="0" Pitch="0" SampleStart="0" SampleEnd="44100"
                SampleStartMod="0" LoopStart="0" LoopEnd="44100" LoopXFade="0"
                LoopEnabled="1" LowerVelocityXFade="0" UpperVelocityXFade="0"
                SampleState="0" NormalizedPeak="-1" Duplicate="0"/>
      </samplemap>
    </Processor>
  </ChildProcessors>
  <RoutingMatrix NumSourceChannels="2" Channel0="0" Send0="-1" Channel1="1" Send1="-1"/>
  <macro_controls>
    <macro name="Volume" value="127" midi_cc="0"/>
    <macro name="Delay" value="0" midi_cc="0"/>
    <macro name="Macro 3" value="0" midi_cc="0"/>
    <macro name="Macro 4" value="0" midi_cc="0"/>
    <macro name="Macro 5" value="0" midi_cc="0"/>
    <macro name="Macro 6" value="0" midi_cc="0"/>
    <macro name="Macro 7" value="0" midi_cc="0"/>
    <macro name="Macro 8" value="0" midi_cc="0"/>
  </macro_controls>
  <MidiAutomation/>
</Processor>
